firstname,lastname,email,age,code
Betty,Chatfield,betty.chatfield@gmail.com,25,MKDjyYQ
Angela,Jennings,angela.jennings@gmail.com,33,IIPQQDn
David,Bowles,david.bowles@gmail.com,45,WlrcqiP
Mable,Kiefer,mable.kiefer@gmail.com,24,OlNHotY
Deloris,Schwartz,deloris.schwartz@gmail.com,30,LgZEvdI
Terrance,Harper,terrance.harper@gmail.com,54,oBPsaRE
Carolyn,Sharpe,carolyn.sharpe@gmail.com,31,bfBhEyr
Susan,Mallory,susan.mallory@gmail.com,19,KyYqxod
Lynn,Leach,lynn.leach@gmail.com,53,UGqXJMt
Terry,Berney,terry.berney@gmail.com,53,IlqZOyz
Justin,Mckinnon,justin.mckinnon@gmail.com,39,zuSfQWI
Joshua,Briggs,joshua.briggs@gmail.com,57,paNISMV
Tom,Harrison,tom.harrison@gmail.com,26,tCaDylr
Juan,Davis,juan.davis@gmail.com,24,aGQtcPm
Laura,Jacks,laura.jacks@gmail.com,23,VtTyzAM
Christi,Arndt,christi.arndt@gmail.com,29,OmXUafH
Ricardo,Nelson,ricardo.nelson@gmail.com,36,rpSHGiR
Michael,Moore,michael.moore@gmail.com,26,JAkwTft
Sherri,Hammond,sherri.hammond@gmail.com,39,CVfqTLI
Kimberly,Kunkle,kimberly.kunkle@gmail.com,37,KXsXVxb
Tiana,Mcgehee,tiana.mcgehee@gmail.com,59,AktDqwi
Mark,Abreu,mark.abreu@gmail.com,34,CoXBkhu
Juana,Marshall,juana.marshall@gmail.com,25,WmqRThU
Mary,Khan,mary.khan@gmail.com,38,xCkTMnx
Laurie,Hoffman,laurie.hoffman@gmail.com,59,waVrHnf
William,Bailey,william.bailey@gmail.com,33,VmrpXHI
Carmen,Santiago,carmen.santiago@gmail.com,41,fTRJIqb
Chasity,Nakken,chasity.nakken@gmail.com,19,hjLRZHg
Kristie,Stockton,kristie.stockton@gmail.com,25,akdYZGd
Keith,Foster,keith.foster@gmail.com,57,hhvbPdk
Edward,Linares,edward.linares@gmail.com,39,iteXxRp
Brenna,Miller,brenna.miller@gmail.com,37,XWaDfKv
Peter,Gibson,peter.gibson@gmail.com,54,BsKWfWj
George,Davis,george.davis@gmail.com,41,VffFrJy
Cynthia,Mullins,cynthia.mullins@gmail.com,54,xTmSQkA
Trinidad,Keeney,trinidad.keeney@gmail.com,23,TaijbOt
Carina,Jackson,carina.jackson@gmail.com,59,MAuZbIh
Genevieve,Cole,genevieve.cole@gmail.com,25,gUjmHHN
Sheila,Peterson,sheila.peterson@gmail.com,28,gbJEnJW
Christina,Pajtas,christina.pajtas@gmail.com,23,FGNFBxL
Dolores,Young,dolores.young@gmail.com,24,lrsdhff
Jaimie,White,jaimie.white@gmail.com,54,wfmLnxe
Emily,Garcia,emily.garcia@gmail.com,48,MVXnobQ
Bethany,Barrera,bethany.barrera@gmail.com,26,gDzkeub
Ruby,Vanblarcom,ruby.vanblarcom@gmail.com,30,soAOTaP
Mildred,Scranton,mildred.scranton@gmail.com,19,DRQVOus
Jeanmarie,Mini,jeanmarie.mini@gmail.com,21,imMvsMI
Dorothy,Young,dorothy.young@gmail.com,44,jGTFyZb
Dorothy,Stewart,dorothy.stewart@gmail.com,57,hKISWzx
Arthur,Wood,arthur.wood@gmail.com,47,PgSjzWZ
Darwin,Parihar,darwin.parihar@gmail.com,22,yYwibuA
Timothy,Goddard,timothy.goddard@gmail.com,58,giEjHMH
Brandon,Vargas,brandon.vargas@gmail.com,35,siaRMMf
Gladys,Mckeown,gladys.mckeown@gmail.com,32,JphDHaA
Pamela,Newnam,pamela.newnam@gmail.com,44,NsUoSrc
Lynn,Leonard,lynn.leonard@gmail.com,54,UgzuPCe
Ryan,Brady,ryan.brady@gmail.com,37,qyfKvTL
Betty,Gathers,betty.gathers@gmail.com,25,lkpjIjF
Lucius,Dixon,lucius.dixon@gmail.com,49,aKVvHZv
Karen,Mcglynn,karen.mcglynn@gmail.com,48,iChyKLJ
Mary,Smith,mary.smith@gmail.com,35,CTBZcAG
Evelyn,Rice,evelyn.rice@gmail.com,40,bdyFYSp
Daniel,Patterson,daniel.patterson@gmail.com,43,ljDZadh
Josephine,Cheeks,josephine.cheeks@gmail.com,30,VmRwUIz
Kate,Gunderson,kate.gunderson@gmail.com,53,fERbFJR
Willie,Christian,willie.christian@gmail.com,45,dQtaOnc
Allan,Wilder,allan.wilder@gmail.com,19,aOqFTIg
Christine,Nadler,christine.nadler@gmail.com,29,NZuefEx
Gary,Ford,gary.ford@gmail.com,39,UriDtSG
Mary,Lansing,mary.lansing@gmail.com,33,CwFgfsr
James,Jones,james.jones@gmail.com,60,iPTYrmn
Daniel,Kaminsky,daniel.kaminsky@gmail.com,52,rpsVzuP
Dianne,Collins,dianne.collins@gmail.com,32,afqudfR
Jose,Brown,jose.brown@gmail.com,37,kORmeDB
Myrtle,Silverwood,myrtle.silverwood@gmail.com,39,ymwVZnt
Adrian,Beavers,adrian.beavers@gmail.com,28,LTAUXSv
Ethel,Carter,ethel.carter@gmail.com,20,xkwoZkY
Nicole,Mosely,nicole.mosely@gmail.com,45,uNbjOGK
Kelly,Maynard,kelly.maynard@gmail.com,24,JGQfJdG
Larry,Baker,larry.baker@gmail.com,50,RhNUlrq
William,Elliott,william.elliott@gmail.com,59,yqaCqlR
Gregory,Ward,gregory.ward@gmail.com,22,yhRrhEP
George,Owens,george.owens@gmail.com,24,WqOhfWE
Sharon,Swanigan,sharon.swanigan@gmail.com,57,bUVQnWt
Aletha,Estrello,aletha.estrello@gmail.com,38,hLgvyEG
William,Tracy,william.tracy@gmail.com,55,eTRFMgC
Steve,Williamson,steve.williamson@gmail.com,24,euzMOmJ
Darlene,Hegmann,darlene.hegmann@gmail.com,37,PjCmmyC
Lois,Oberg,lois.oberg@gmail.com,52,HLNFQde
Stephen,Bucher,stephen.bucher@gmail.com,21,uteXKuT
Shawn,Knapp,shawn.knapp@gmail.com,46,qMXYbpM
Phyllis,Kenney,phyllis.kenney@gmail.com,60,ybuMoYJ
Donald,Sikes,donald.sikes@gmail.com,36,okyeBWM
Evelyn,Abbott,evelyn.abbott@gmail.com,56,avldvJY
Violet,Mccauley,violet.mccauley@gmail.com,39,vlILEow
David,Doyle,david.doyle@gmail.com,55,CuHJnuM
Patricia,Weeks,patricia.weeks@gmail.com,49,FSlnQvF
Gary,Marusarz,gary.marusarz@gmail.com,60,jntzTBG
Richard,Davis,richard.davis@gmail.com,34,JBSdADJ
Amanda,Pat,amanda.pat@gmail.com,60,CztBlzM
Barbara,Pierre,barbara.pierre@gmail.com,54,eJEQuOl
Walter,Neeley,walter.neeley@gmail.com,22,oMapPZD
Patricia,Schaefer,patricia.schaefer@gmail.com,42,urnyrHc
Dorothy,Moser,dorothy.moser@gmail.com,43,oUaRnMf
Maria,Robinson,maria.robinson@gmail.com,21,tvnuhRo
Donald,Hanson,donald.hanson@gmail.com,48,PfqLHfM
Ernest,Nelson,ernest.nelson@gmail.com,34,QoJhYeG
Frank,Watson,frank.watson@gmail.com,60,sKXEGzT
Linda,Grant,linda.grant@gmail.com,42,uGhrNAg
Aline,Audet,aline.audet@gmail.com,43,MajZvZH
Perry,Otten,perry.otten@gmail.com,51,JqbCLsh
Linda,Wagner,linda.wagner@gmail.com,21,joqunCA
Brent,Mayers,brent.mayers@gmail.com,31,kkwfbKV
Michael,Reid,michael.reid@gmail.com,21,vHmXOwQ
Thomas,Daniel,thomas.daniel@gmail.com,41,GCmsxQv
Melissa,Greening,melissa.greening@gmail.com,60,fDldpFl
Micah,Cardenas,micah.cardenas@gmail.com,44,VKgjSrt
Christopher,Mccormick,christopher.mccormick@gmail.com,28,OsGPcDv
Charles,Dennis,charles.dennis@gmail.com,26,LnbnaEi
Boyd,Presley,boyd.presley@gmail.com,32,QZWBlYc
Ruth,Habegger,ruth.habegger@gmail.com,55,bOIuAQO
Julia,Ericsson,julia.ericsson@gmail.com,30,EdqNYws
Sandra,Coffman,sandra.coffman@gmail.com,30,RlfZefx
Brad,Masella,brad.masella@gmail.com,54,CsaxTSe
Jennifer,Henry,jennifer.henry@gmail.com,41,fYACLDq
Lora,Hacher,lora.hacher@gmail.com,39,ibkYYXS
Sarah,Encallado,sarah.encallado@gmail.com,21,rbabsGR
Debra,Lawyer,debra.lawyer@gmail.com,35,carhYyr
Kyle,Baker,kyle.baker@gmail.com,24,YXldKOi
Marco,Biddick,marco.biddick@gmail.com,49,gqGLdKH
Maximo,Valdez,maximo.valdez@gmail.com,60,wpsOwDW
Joseph,Reed,joseph.reed@gmail.com,41,vYozech
Jackie,Lewis,jackie.lewis@gmail.com,25,QOSVJmT
Maria,Guarino,maria.guarino@gmail.com,43,BVuCwFv
Stephen,Manning,stephen.manning@gmail.com,27,Ayfbzhk
Mary,Johnson,mary.johnson@gmail.com,56,ZiqsXlt
Julie,Flower,julie.flower@gmail.com,34,bTbZYAg
Christine,Cullins,christine.cullins@gmail.com,27,eRtgHhi
Constance,Macias,constance.macias@gmail.com,59,tOrBfmh
Scott,Delgado,scott.delgado@gmail.com,27,zuFyxkN
Ana,Mcpherson,ana.mcpherson@gmail.com,35,lzdhDgV
Ricky,Hoefert,ricky.hoefert@gmail.com,28,fiDunuc
Rudolph,Ruggles,rudolph.ruggles@gmail.com,58,bGovLsg
Jerome,Martinez,jerome.martinez@gmail.com,55,uqEuTPA
Bettie,Williams,bettie.williams@gmail.com,46,ALDiryp
Evelyn,Jones,evelyn.jones@gmail.com,20,XdlECpS
Maribel,Lopez,maribel.lopez@gmail.com,47,qYYMoTM
Vivian,Mackay,vivian.mackay@gmail.com,23,HzafBkD
Henry,Porraz,henry.porraz@gmail.com,46,HlAfvBj
Lois,Willis,lois.willis@gmail.com,42,GnqBMrJ
Leona,Gimbel,leona.gimbel@gmail.com,50,MjdvYkZ
James,Hubbard,james.hubbard@gmail.com,31,usFUMxf
Rita,Rodriguez,rita.rodriguez@gmail.com,18,SfBZMjd
Rebecca,Nichols,rebecca.nichols@gmail.com,51,XdWUOFp
John,Bogan,john.bogan@gmail.com,40,uLweLMq
Rowena,Moyer,rowena.moyer@gmail.com,35,ATbzHtu
Krystal,Miller,krystal.miller@gmail.com,40,RQpBZiF
Chiquita,Lake,chiquita.lake@gmail.com,51,hfvLGhZ
Donn,Mccatty,donn.mccatty@gmail.com,35,ozmiLuK
Rebecca,Catt,rebecca.catt@gmail.com,36,Mxasrvm
Jeffery,Vega,jeffery.vega@gmail.com,53,kSOcDvL
Todd,Anthony,todd.anthony@gmail.com,26,slAsbKG
Maria,Pierce,maria.pierce@gmail.com,40,cKNJxHf
Jennifer,Taylor,jennifer.taylor@gmail.com,40,sfKHQCH
William,Overton,william.overton@gmail.com,25,wtjDPNb
Joy,Dorgan,joy.dorgan@gmail.com,35,eNzZpyV
Donald,Bressler,donald.bressler@gmail.com,21,jzibSRK
Ann,Bess,ann.bess@gmail.com,26,SrXoARV
Tina,Stone,tina.stone@gmail.com,22,wQSDpCF
Theresa,Bruce,theresa.bruce@gmail.com,57,orjbRBF
Eugene,Nagy,eugene.nagy@gmail.com,42,WqPNVMh
Ashley,Goldhirsh,ashley.goldhirsh@gmail.com,30,CeYjUZx
Donna,Thurman,donna.thurman@gmail.com,47,hJQkmpc
Ben,Evans,ben.evans@gmail.com,50,PWqdjbO
Dennis,Correa,dennis.correa@gmail.com,18,yBfhRya
Mary,Micucci,mary.micucci@gmail.com,44,cMufKqw
Frank,Dixon,frank.dixon@gmail.com,51,xoSgpCJ
Tiffany,Simpson,tiffany.simpson@gmail.com,53,TnmcrCt
William,Daniels,william.daniels@gmail.com,34,RbUwOLA
Pablo,Velasquez,pablo.velasquez@gmail.com,55,tCKPseE
Mavis,Cummings,mavis.cummings@gmail.com,45,eofnncL
Robert,Andre,robert.andre@gmail.com,58,PGzuNtM
Max,Bundy,max.bundy@gmail.com,42,UqnIbYp
David,Lipe,david.lipe@gmail.com,19,WbWMMYe
Patrick,Harkins,patrick.harkins@gmail.com,32,cFhmQtD
Christine,Shea,christine.shea@gmail.com,22,goLcTpk
Charles,Wanty,charles.wanty@gmail.com,22,ldIeSpk
Harriet,Hamilton,harriet.hamilton@gmail.com,45,omMzmyW
William,Mckenna,william.mckenna@gmail.com,33,tfFbFNn
Julia,Owens,julia.owens@gmail.com,51,pCSlEYB
Luz,Barrera,luz.barrera@gmail.com,52,rLXXPUg
Darren,Abbott,darren.abbott@gmail.com,23,KGHJkFL
Michelle,Adkins,michelle.adkins@gmail.com,51,NlawKDC
Eric,Momeni,eric.momeni@gmail.com,26,QzNHxMh
Theodore,Huddleston,theodore.huddleston@gmail.com,24,lTODSPS
Wilfredo,Carlo,wilfredo.carlo@gmail.com,38,OMiPUuB
Tama,Maedche,tama.maedche@gmail.com,26,YLJylSY
Brian,Mullinax,brian.mullinax@gmail.com,23,CJCiEtC
Son,Neal,son.neal@gmail.com,51,wDbqVel
Lorenzo,Manuel,lorenzo.manuel@gmail.com,39,MtSMyWC
Mark,Brown,mark.brown@gmail.com,52,kuJKiuw
Diane,Espinoza,diane.espinoza@gmail.com,54,kDyXOhx
Diane,Lurvey,diane.lurvey@gmail.com,60,FEOlSJc
Sue,Fritts,sue.fritts@gmail.com,40,ZDNKihN
Dennis,Scott,dennis.scott@gmail.com,22,ZtRjAKl
Miranda,Prewitt,miranda.prewitt@gmail.com,38,cxCxRjw
Josephine,Smith,josephine.smith@gmail.com,35,hMXyHiS
Elizabeth,Eldridge,elizabeth.eldridge@gmail.com,25,RugGJNk
Paul,Johnson,paul.johnson@gmail.com,37,ureeiUM
Christopher,Cobb,christopher.cobb@gmail.com,46,QQBEdLY
Elisha,Seanez,elisha.seanez@gmail.com,45,XWadtGh
Donald,Culverhouse,donald.culverhouse@gmail.com,54,pbsmCRA
Robert,Henry,robert.henry@gmail.com,49,PKQLNSv
Pedro,Tillman,pedro.tillman@gmail.com,56,KczIURk
Andrew,Williams,andrew.williams@gmail.com,43,hRPCRTN
Paul,Dieter,paul.dieter@gmail.com,27,ZlcMfRk
Marion,Drish,marion.drish@gmail.com,31,rtpsGOE
Howard,Henderson,howard.henderson@gmail.com,41,SIVNuzz
Karyl,Young,karyl.young@gmail.com,53,TzigVPi
Horace,Frederick,horace.frederick@gmail.com,35,PAraWxi
Lula,Webb,lula.webb@gmail.com,30,zxkrjCB
Monica,Gross,monica.gross@gmail.com,32,eCCfQGL
Zola,Haveman,zola.haveman@gmail.com,55,IcEJghx
Sue,Mcnair,sue.mcnair@gmail.com,24,wikGdfE
Eric,Yocom,eric.yocom@gmail.com,20,OyEwhfs
Jennifer,Brooks,jennifer.brooks@gmail.com,27,PKBZEsy
Ashly,Hood,ashly.hood@gmail.com,59,FSeNbRO
Elizabeth,Joplin,elizabeth.joplin@gmail.com,45,agtfTYN
Donald,Reed,donald.reed@gmail.com,37,VwFsMWg
Jerry,Medcalf,jerry.medcalf@gmail.com,42,ZAAFQJk
Jean,Unger,jean.unger@gmail.com,25,QaEbzZt
Micheal,Hauser,micheal.hauser@gmail.com,60,xqCGnMm
Robert,Fitzgerald,robert.fitzgerald@gmail.com,23,kYpiehy
Brian,Spada,brian.spada@gmail.com,19,abkURdV
Esther,Kennedy,esther.kennedy@gmail.com,60,HyXCbbH
Martha,Owens,martha.owens@gmail.com,28,aCGRYdc
Lester,Sones,lester.sones@gmail.com,47,LNRmAxA
Patricia,Brown,patricia.brown@gmail.com,41,qGmAvfa
Joseph,Ferguson,joseph.ferguson@gmail.com,38,kYbPwnC
James,Belisle,james.belisle@gmail.com,29,HvOiGHw
Francis,Tate,francis.tate@gmail.com,45,AfJYRcD
Joseph,Shackelford,joseph.shackelford@gmail.com,20,tVaFqjr
Jessie,King,jessie.king@gmail.com,58,CdaoUKl
Dorthy,Blaylock,dorthy.blaylock@gmail.com,42,yjbmhXJ
Kristy,Hartman,kristy.hartman@gmail.com,44,NgnuaYD
John,Perez,john.perez@gmail.com,42,eTtqDpZ
William,Boris,william.boris@gmail.com,27,TbDDEec
Michael,Morris,michael.morris@gmail.com,22,eCtgVte
Robert,Rodriguez,robert.rodriguez@gmail.com,53,jEoHjRq
Charleen,Tiner,charleen.tiner@gmail.com,60,YlyKEiB
Clarice,Lancaster,clarice.lancaster@gmail.com,23,UxSyTYk
Robert,Mooney,robert.mooney@gmail.com,49,xLxJDio
Serena,Webb,serena.webb@gmail.com,50,SdSZfBJ
Frank,Romaine,frank.romaine@gmail.com,48,yxjdueB
Christy,Fogarty,christy.fogarty@gmail.com,58,vFxmPAN
Roberta,Munoz,roberta.munoz@gmail.com,36,YfoLsVn
George,Melgarejo,george.melgarejo@gmail.com,60,AEUmgro
Alvin,Benjamin,alvin.benjamin@gmail.com,36,esZiqvR
Brandi,Welsh,brandi.welsh@gmail.com,29,xRUKMqb
Mozell,Austin,mozell.austin@gmail.com,19,VagBQNS
Joe,Metheny,joe.metheny@gmail.com,41,eTAxnAV
Louis,Hines,louis.hines@gmail.com,60,DdtATND
Margret,Navarrete,margret.navarrete@gmail.com,25,VJUWSEm
James,Seals,james.seals@gmail.com,50,pyBIYSK
Carmelita,Sanders,carmelita.sanders@gmail.com,26,UFbhHEo
Kathy,Hammons,kathy.hammons@gmail.com,19,hsVWAzR
Peggy,Petitjean,peggy.petitjean@gmail.com,59,YQgyoLx
Karen,Ligon,karen.ligon@gmail.com,56,AyJNEsk
Morris,Lunsford,morris.lunsford@gmail.com,39,UdhcYeF
Hugh,Kaiser,hugh.kaiser@gmail.com,47,xzUbsgn
Allison,Usher,allison.usher@gmail.com,50,itsMkGa
Paula,Dillon,paula.dillon@gmail.com,33,YhHAURe
Lucy,Tanner,lucy.tanner@gmail.com,28,IPyWhVy
Doris,Lawson,doris.lawson@gmail.com,41,TKAclvU
Lashonda,Griffin,lashonda.griffin@gmail.com,18,SiZchuo
Sally,Lackland,sally.lackland@gmail.com,39,ickkSAn
Garnet,Lamblin,garnet.lamblin@gmail.com,41,HHsUJhV
Nancy,Delara,nancy.delara@gmail.com,55,fAcJTfz
Michael,Erlandson,michael.erlandson@gmail.com,35,zJgfIXU
Jennifer,Lopez,jennifer.lopez@gmail.com,28,nYYNqGb
Cristina,Wright,cristina.wright@gmail.com,57,LdfpvYQ
Alan,King,alan.king@gmail.com,60,gqKWqAM
David,Leatherwood,david.leatherwood@gmail.com,29,JAilcpl
Neal,Wilmot,neal.wilmot@gmail.com,37,hZOkhyN
Eddie,Evans,eddie.evans@gmail.com,21,xGRErJN
Jae,Moore,jae.moore@gmail.com,21,GFdHjIa
Angelia,Hamelton,angelia.hamelton@gmail.com,44,IiTBHyi
David,Boyd,david.boyd@gmail.com,31,MsepvuD
Anthony,Horton,anthony.horton@gmail.com,21,TaLZrqD
Jimmy,Thomas,jimmy.thomas@gmail.com,19,teYBtvn
Christine,Gemmill,christine.gemmill@gmail.com,22,XYFTqcv
Sharon,Simpson,sharon.simpson@gmail.com,22,GnLUHKb
Roy,Russ,roy.russ@gmail.com,38,rMrgHVZ
Nelly,Edwards,nelly.edwards@gmail.com,22,BoSJBdq
Carly,Rueluas,carly.rueluas@gmail.com,45,CrPsiAC
Cora,Doxey,cora.doxey@gmail.com,33,OZCqNcI
Steven,Peterson,steven.peterson@gmail.com,41,gYECPdQ
Sharon,Mortimer,sharon.mortimer@gmail.com,52,MFlbBeV
David,Rundlett,david.rundlett@gmail.com,22,YJtMfOO
Frank,Mota,frank.mota@gmail.com,48,mEqZKug
Melissa,Smith,melissa.smith@gmail.com,27,suKJrbW
Mattie,Kurtz,mattie.kurtz@gmail.com,30,tRPVEum
Gerald,Richards,gerald.richards@gmail.com,43,dzUBkIt
Angela,Vandermeer,angela.vandermeer@gmail.com,20,ZPijOiW
Lois,Whitt,lois.whitt@gmail.com,32,dYbAKyz
Michael,Sanders,michael.sanders@gmail.com,56,aEECcLv
Benito,Russell,benito.russell@gmail.com,53,LRgzTnO
Robert,Alvarez,robert.alvarez@gmail.com,55,FMiqCkx
Rosetta,Morita,rosetta.morita@gmail.com,38,kQINsOG
Wendy,Ahner,wendy.ahner@gmail.com,20,XvyLCKv
Cindy,Cook,cindy.cook@gmail.com,22,CYsxUBs
Joseph,White,joseph.white@gmail.com,54,oCOmikL
Nancy,Bailey,nancy.bailey@gmail.com,33,ycfLyvY
Frances,Dwyer,frances.dwyer@gmail.com,51,KOJwpSt
Ruth,Rocha,ruth.rocha@gmail.com,36,cpRvivT
Michael,Petty,michael.petty@gmail.com,32,rJUGoja
Helen,Gaut,helen.gaut@gmail.com,49,DGGoYjo
Linda,Lee,linda.lee@gmail.com,39,DhAGiex
Craig,Mcguigan,craig.mcguigan@gmail.com,51,UdKdHxd
Keith,Wheatley,keith.wheatley@gmail.com,27,ehDnWOp
Lena,Lee,lena.lee@gmail.com,56,YQjcOCc
Nancy,Williams,nancy.williams@gmail.com,37,OCMusYG
Jeffery,Prestwich,jeffery.prestwich@gmail.com,41,LxtUPbS
Tracy,Sharpe,tracy.sharpe@gmail.com,27,iQkOHWM
Jeremy,Patterson,jeremy.patterson@gmail.com,22,tljKIYl
Mary,Steed,mary.steed@gmail.com,41,POpLMrW
Jessica,Sanford,jessica.sanford@gmail.com,29,bbPTWoz
Ted,Gutierrez,ted.gutierrez@gmail.com,44,eipPkRG
Donna,Gonzalez,donna.gonzalez@gmail.com,21,lHYcilf
Robert,Stoops,robert.stoops@gmail.com,56,JIZjAKf
Patricia,Pagan,patricia.pagan@gmail.com,19,hNhcjPI
Stephanie,Purvis,stephanie.purvis@gmail.com,20,UzZVNcB
Arturo,Hodgins,arturo.hodgins@gmail.com,54,zcuvhYp
Annette,Thompson,annette.thompson@gmail.com,58,fwDGlCc
Lisa,Graczyk,lisa.graczyk@gmail.com,45,nlRLJVe
Nathan,Ball,nathan.ball@gmail.com,33,EkloKzM
David,Tanner,david.tanner@gmail.com,46,pnipiAk
Monique,Lester,monique.lester@gmail.com,38,sCdqXnN
John,Addesso,john.addesso@gmail.com,38,JkucLeF
Robin,Smith,robin.smith@gmail.com,29,BJPLwzD
William,Joyce,william.joyce@gmail.com,27,JYMqkbr
Vicki,Ferguson,vicki.ferguson@gmail.com,49,wWjfZky
George,Mccoy,george.mccoy@gmail.com,60,XLzDiVp
Deborah,Williams,deborah.williams@gmail.com,27,PscpFEA
Jordan,Knox,jordan.knox@gmail.com,32,VmiGiYj
Kenya,Carr,kenya.carr@gmail.com,22,nIILVUH
Richard,Turner,richard.turner@gmail.com,31,lEFZNaL
Gilbert,Fort,gilbert.fort@gmail.com,20,gbbgYPf
Myrtice,Lujan,myrtice.lujan@gmail.com,54,zfUiPoO
Brenda,Hood,brenda.hood@gmail.com,41,zkyCkJP
Michael,Rahn,michael.rahn@gmail.com,45,KvQqucT
Vernice,Mitchell,vernice.mitchell@gmail.com,52,BAKaaOK
Donnie,Dickinson,donnie.dickinson@gmail.com,46,NoGrLBL
Richie,Loos,richie.loos@gmail.com,43,lpyutgJ
Chad,Kozak,chad.kozak@gmail.com,25,TJOGEGO
Chauncey,Pfeifer,chauncey.pfeifer@gmail.com,38,WCFwmir
Rhonda,Anderson,rhonda.anderson@gmail.com,49,lgCVfbb
James,Arrey,james.arrey@gmail.com,35,HrMpfkn
James,Mackillop,james.mackillop@gmail.com,33,kKMqUuQ
James,Lovato,james.lovato@gmail.com,48,YOXoYoN
Warren,Kelley,warren.kelley@gmail.com,25,MChAwCL
Matthew,Rhodes,matthew.rhodes@gmail.com,57,xMqdTkg
Samantha,Raisley,samantha.raisley@gmail.com,47,vgpbNQK
Deborah,Peeler,deborah.peeler@gmail.com,27,qtaznNm
David,Anderson,david.anderson@gmail.com,35,FlkPfke
June,Carroll,june.carroll@gmail.com,44,UCSsQHZ
Richard,Cole,richard.cole@gmail.com,58,hhLrnxa
Barbara,Palmer,barbara.palmer@gmail.com,21,eDaDTLN
Charlie,Hensley,charlie.hensley@gmail.com,34,CFQTmEt
Lisa,Adams,lisa.adams@gmail.com,40,qCjeUSi
Lottie,Campbell,lottie.campbell@gmail.com,46,rbncSrV
Leigh,Spence,leigh.spence@gmail.com,32,UtHRlql
Barbara,Hernandez,barbara.hernandez@gmail.com,52,ZyPwOey
Eliza,Reyes,eliza.reyes@gmail.com,44,ZzJHXhr
Kyle,Grady,kyle.grady@gmail.com,41,yVGxguF
Ned,James,ned.james@gmail.com,34,zncoDHS
Ann,Mcafee,ann.mcafee@gmail.com,45,wbkyKmi
Ola,Sherman,ola.sherman@gmail.com,47,JJkRaUD
Angelica,Dallis,angelica.dallis@gmail.com,56,QmrbgUr
Laurence,Andrews,laurence.andrews@gmail.com,43,uvdxQOz
Charles,Wetmore,charles.wetmore@gmail.com,32,MymPhFJ
Sammy,Wheeler,sammy.wheeler@gmail.com,45,tieAPml
Anne,Craft,anne.craft@gmail.com,52,TsbJrIr
Danielle,Smith,danielle.smith@gmail.com,58,rScyPfO
Anna,Hunsinger,anna.hunsinger@gmail.com,55,GETHmpu
Sandra,Crane,sandra.crane@gmail.com,23,pUOxbPT
Myron,Brooks,myron.brooks@gmail.com,19,MXCrwFA
Carol,Holly,carol.holly@gmail.com,19,IoydeVR
Patricia,Mick,patricia.mick@gmail.com,35,EZrZcrE
Ralph,Mize,ralph.mize@gmail.com,47,CTUhWLf
Arthur,Hoosier,arthur.hoosier@gmail.com,41,fJsvuzZ
Mark,Tucker,mark.tucker@gmail.com,53,WKxLRYh
Robert,Harrigan,robert.harrigan@gmail.com,60,yfyECdz
Sarah,Voelker,sarah.voelker@gmail.com,34,krLgxPG
Alexandra,Diaz,alexandra.diaz@gmail.com,24,CSZSjpw
Diane,Murphy,diane.murphy@gmail.com,43,xvGriCg
Richard,Miller,richard.miller@gmail.com,31,UfoFtOw
Karen,Crisp,karen.crisp@gmail.com,47,KuVIVVf
Bridget,Montague,bridget.montague@gmail.com,35,NyKwTiG
Mary,Baker,mary.baker@gmail.com,37,pDSVMCC
Darren,Koller,darren.koller@gmail.com,52,xcIeOGz
Michael,Franklin,michael.franklin@gmail.com,28,RtQzhqb
Joseph,Aichele,joseph.aichele@gmail.com,41,dsLjpWn
Kelly,Barrios,kelly.barrios@gmail.com,39,pmiaSEC
Larry,Bell,larry.bell@gmail.com,27,QglpFIq
Jason,Carney,jason.carney@gmail.com,38,FyKxREG
Anthony,Ramos,anthony.ramos@gmail.com,31,afhtJZF
Clement,Thornhill,clement.thornhill@gmail.com,47,JxEbzWR
Samantha,Emery,samantha.emery@gmail.com,25,JVLIbHe
Cecil,Stern,cecil.stern@gmail.com,47,jUOaXWf
Charles,Anderson,charles.anderson@gmail.com,29,PrrsZKF
Bruce,Young,bruce.young@gmail.com,52,FwFaUsE
Corine,Robison,corine.robison@gmail.com,47,rjAJidw
Gerald,Nelson,gerald.nelson@gmail.com,39,SixEftF
Verda,Williams,verda.williams@gmail.com,43,cejBdir
Margaret,Hiller,margaret.hiller@gmail.com,22,TbdrIZP
Nathan,Martinez,nathan.martinez@gmail.com,36,PtWNfwt
Robert,Mccarthy,robert.mccarthy@gmail.com,54,EciUWQy
Paul,Moriarity,paul.moriarity@gmail.com,21,LvlPdCg
Diane,Guillory,diane.guillory@gmail.com,58,QYpljvq
Michael,Molina,michael.molina@gmail.com,56,nHnHdSc
Nancy,Wright,nancy.wright@gmail.com,30,YRrfsno
Michael,Bivens,michael.bivens@gmail.com,57,SrOgeVu
Dorothy,Ludwig,dorothy.ludwig@gmail.com,24,vcNzpDS
Ruthann,Williamson,ruthann.williamson@gmail.com,46,uZSsTGJ
Arnette,Noman,arnette.noman@gmail.com,46,yodeHZO
Stacie,Campbell,stacie.campbell@gmail.com,21,anCCpmP
Jeremy,Lovell,jeremy.lovell@gmail.com,49,BmqexkP
Kenneth,Jackson,kenneth.jackson@gmail.com,36,AMQrsPa
Annette,Mueller,annette.mueller@gmail.com,46,cxjIXqg
Elizabeth,Perry,elizabeth.perry@gmail.com,30,oOpAVXi
Troy,Watts,troy.watts@gmail.com,27,XeMuRUU
Gary,Wing,gary.wing@gmail.com,48,rKvAtSB
Charlene,Lewis,charlene.lewis@gmail.com,42,xNPQTbX
Ronnie,Noel,ronnie.noel@gmail.com,52,AnBQSzI
Etha,Taylor,etha.taylor@gmail.com,34,yIlWYfV
Mallory,Taylor,mallory.taylor@gmail.com,48,SNSVTmv
Christopher,Venezia,christopher.venezia@gmail.com,33,KiTqLpH
Karl,Harper,karl.harper@gmail.com,46,NiVHhyb
Leon,Clifford,leon.clifford@gmail.com,19,zoHlfSr
Pamela,Swank,pamela.swank@gmail.com,47,elhqvEc
Mary,Alexander,mary.alexander@gmail.com,45,alRQCEV
Clyde,Bush,clyde.bush@gmail.com,59,pvNwWQg
Edward,Guajardo,edward.guajardo@gmail.com,59,tUKctpY
Lawrence,Washington,lawrence.washington@gmail.com,48,hytaXNa
Isabella,Cochran,isabella.cochran@gmail.com,20,LzgkLPM
Phyllis,Fitch,phyllis.fitch@gmail.com,27,NhVQbGA
Linda,Coots,linda.coots@gmail.com,31,MKrzbeR
Cecilia,Riley,cecilia.riley@gmail.com,54,hCfgHrt
Julia,Hill,julia.hill@gmail.com,58,ezZwjWH
Jesus,Ables,jesus.ables@gmail.com,22,ZYdZYQp
Kirk,Maxwell,kirk.maxwell@gmail.com,46,nrEEZms
Joyce,Vogt,joyce.vogt@gmail.com,41,BkAHJSd
Carol,Shreve,carol.shreve@gmail.com,48,JgkbPhp
Mia,Smith,mia.smith@gmail.com,37,cMvIBeF
Thomas,Roberts,thomas.roberts@gmail.com,31,etqFIAP
Velma,Cilenti,velma.cilenti@gmail.com,36,AeWYiMD
Grace,Holland,grace.holland@gmail.com,39,dnxnyCF
Tara,Strong,tara.strong@gmail.com,30,byrzyWG
Michael,Speaks,michael.speaks@gmail.com,38,yEpRKXK
Thomas,Perry,thomas.perry@gmail.com,52,nYezuKe
Kristy,Boucher,kristy.boucher@gmail.com,35,PCYnmQB
Ronald,Pettway,ronald.pettway@gmail.com,24,PbtoNzD
Deborah,Peters,deborah.peters@gmail.com,56,xogpFvk
John,Lawrence,john.lawrence@gmail.com,54,cLCUhPd
Charles,Fletcher,charles.fletcher@gmail.com,27,QxCEFSd
Vaughn,Donald,vaughn.donald@gmail.com,21,TTimRum
Paul,Logan,paul.logan@gmail.com,37,rKOMEIY
Juanita,Lartigue,juanita.lartigue@gmail.com,26,mJlLveD
Esther,Hagen,esther.hagen@gmail.com,26,ZFssdUB
Janine,Read,janine.read@gmail.com,37,hvQNdIT
Evelyn,Stockton,evelyn.stockton@gmail.com,30,evXOslY
Norman,Ngo,norman.ngo@gmail.com,29,JRfPqwq
Kelly,Mccarthy,kelly.mccarthy@gmail.com,36,snthHBy
Ava,Saeteun,ava.saeteun@gmail.com,56,aAmTYaj
Emma,Joos,emma.joos@gmail.com,26,LOQvVmF
James,Monroe,james.monroe@gmail.com,45,rmQYipy
Michael,Rush,michael.rush@gmail.com,56,PgDiFxX
Alejandro,Crane,alejandro.crane@gmail.com,40,HulpWLv
Joann,Jones,joann.jones@gmail.com,43,ymYEvpi
Claretha,Mcghee,claretha.mcghee@gmail.com,48,qnrWysB
Barbara,Ford,barbara.ford@gmail.com,44,bNCQusH
Linda,Kilday,linda.kilday@gmail.com,33,NTVzUAG
Daniel,Konrad,daniel.konrad@gmail.com,30,NeQbIRH
Dorothy,Allen,dorothy.allen@gmail.com,48,ysmCmqZ
Curtis,Barnes,curtis.barnes@gmail.com,45,LSIzkFl
Amber,Tornatore,amber.tornatore@gmail.com,33,rgbJjfa
Barry,Elton,barry.elton@gmail.com,38,GctyXho
James,Fergus,james.fergus@gmail.com,52,IninvMA
Walter,Partridge,walter.partridge@gmail.com,26,vIsiTAY
Kathryn,Boxx,kathryn.boxx@gmail.com,49,bKDKASw
Dorothy,Phillips,dorothy.phillips@gmail.com,19,ItcoKiM
Georgia,Leon,georgia.leon@gmail.com,40,cwJaBVB
Kristy,Dugan,kristy.dugan@gmail.com,55,owcblJq
Hugh,Cybart,hugh.cybart@gmail.com,48,MldBcFM
Dorothy,Clement,dorothy.clement@gmail.com,51,KifJieE
Melissa,Hernandez,melissa.hernandez@gmail.com,43,dvJXOZx
Peter,Rice,peter.rice@gmail.com,52,GmbtZoS
Carol,Mattison,carol.mattison@gmail.com,51,KwyKxVT
Victor,Monn,victor.monn@gmail.com,52,hNPPDQQ
Barbara,Mclaurin,barbara.mclaurin@gmail.com,28,ozNnNYA
Kim,Nalepa,kim.nalepa@gmail.com,23,aUGOnWy
Anne,Zepeda,anne.zepeda@gmail.com,46,nSvgHiN
Julie,Hall,julie.hall@gmail.com,49,vPDmWtx
Fidel,Venecia,fidel.venecia@gmail.com,56,hngLLCm
Angela,Garduno,angela.garduno@gmail.com,46,VBNOmQG
Anna,Bonner,anna.bonner@gmail.com,57,mbZvvFs
Hannah,Moody,hannah.moody@gmail.com,54,AglZunc
Margaret,Alquisira,margaret.alquisira@gmail.com,19,MDRlJpV
Nellie,Woodward,nellie.woodward@gmail.com,51,IfMrWfc
Tanya,Harris,tanya.harris@gmail.com,23,evyycXH
Eloy,Bucko,eloy.bucko@gmail.com,37,hFEDkeO
Melvin,Tong,melvin.tong@gmail.com,29,xpQlwVp
Richard,Hyland,richard.hyland@gmail.com,18,PnznPim
Mildred,Madina,mildred.madina@gmail.com,33,KeGxxZt
Susan,Lukach,susan.lukach@gmail.com,25,ZfFSLir
Edith,Lawson,edith.lawson@gmail.com,33,CDtLwMU
Melissa,Martin,melissa.martin@gmail.com,32,oMfnqcF
Michael,Hanna,michael.hanna@gmail.com,46,NYEjrPq
Meagan,Becker,meagan.becker@gmail.com,58,pNSBqKy
Celeste,Harvey,celeste.harvey@gmail.com,45,KADCCCj
Michelle,Butler,michelle.butler@gmail.com,26,KjPkfXZ
Cheryl,Morgret,cheryl.morgret@gmail.com,55,yRmuVyP
Mary,Silveira,mary.silveira@gmail.com,52,LnYqKWX
Thomas,Gonzales,thomas.gonzales@gmail.com,30,BAWrHql
Dillon,Fredricks,dillon.fredricks@gmail.com,36,iKmTKEW
Michael,Thomas,michael.thomas@gmail.com,47,BJaXJsT
Michelle,Lipphardt,michelle.lipphardt@gmail.com,58,udYyeCR
Brian,Dawkins,brian.dawkins@gmail.com,31,isRCqDK
Vanessa,Lorna,vanessa.lorna@gmail.com,54,iLbPFPT
Steven,Spence,steven.spence@gmail.com,57,RZqsOdD
Tessa,Porter,tessa.porter@gmail.com,59,CHTsFjh
James,Sanchez,james.sanchez@gmail.com,32,omreeIg
Yolanda,Siggers,yolanda.siggers@gmail.com,52,eFUqRkV
Patrick,Black,patrick.black@gmail.com,56,UxzQgZY
Nathan,Hooker,nathan.hooker@gmail.com,20,bfzIgXe
Christine,Mcshea,christine.mcshea@gmail.com,45,RKfycJB
Gary,Flipp,gary.flipp@gmail.com,53,xkrcRzs
Jean,Serna,jean.serna@gmail.com,53,LpcjLBS
Francis,Gold,francis.gold@gmail.com,57,olipCCY
Ann,Willie,ann.willie@gmail.com,47,elIYGYZ
Elizabeth,Meder,elizabeth.meder@gmail.com,31,mOqeoSr
Stephany,Roling,stephany.roling@gmail.com,35,VYrfcYj
Jack,Kohnz,jack.kohnz@gmail.com,46,jiEclyZ
Cynthia,Gonzales,cynthia.gonzales@gmail.com,22,qCWIlvK
Ann,Ganong,ann.ganong@gmail.com,52,WlkciQo
Edith,Taylor,edith.taylor@gmail.com,23,bPZhfNI
Maria,Schupp,maria.schupp@gmail.com,47,ciLBUQy
Carol,Broughton,carol.broughton@gmail.com,41,umkTXel
Lloyd,Florens,lloyd.florens@gmail.com,45,tsGCTzb
Larry,Timmons,larry.timmons@gmail.com,23,eFRpuHa
Todd,White,todd.white@gmail.com,45,oFnxEkY
Helene,Gest,helene.gest@gmail.com,42,QJFWwFC
Martha,Hinnenkamp,martha.hinnenkamp@gmail.com,59,yZREQsN
Thao,Lescarbeau,thao.lescarbeau@gmail.com,24,sBvmHfo
Krista,Lanser,krista.lanser@gmail.com,19,gBiVNKD
Michael,Jaramillo,michael.jaramillo@gmail.com,38,IQByynH
Dave,Ahn,dave.ahn@gmail.com,29,XkfihZG
Tracey,Magee,tracey.magee@gmail.com,42,YYGNofH
Gary,Parrish,gary.parrish@gmail.com,35,alNmYHN
Barbara,Ching,barbara.ching@gmail.com,34,LpOMMLp
Mary,Rojas,mary.rojas@gmail.com,42,LTIedKX
Nellie,Theiss,nellie.theiss@gmail.com,57,PPRDDyS
Beth,Rivera,beth.rivera@gmail.com,42,KswEqSi
Karen,Schackow,karen.schackow@gmail.com,32,xkBivvn
Jonathan,Watkins,jonathan.watkins@gmail.com,55,OoYUiaU
Johnnie,Ballard,johnnie.ballard@gmail.com,27,tOwtyek
Louise,Williams,louise.williams@gmail.com,47,NoPfEod
Leroy,Whitehouse,leroy.whitehouse@gmail.com,49,mIUQzvH
John,Boyer,john.boyer@gmail.com,47,TiUgbus
Mary,Garza,mary.garza@gmail.com,36,eOxWUUw
Lisa,Davis,lisa.davis@gmail.com,18,wXDcMCG
Lisa,Murray,lisa.murray@gmail.com,50,neZyhNv
Lucille,Kiehl,lucille.kiehl@gmail.com,52,CijbWEr
Patricia,Felton,patricia.felton@gmail.com,55,toQklTm
Fredric,Griffith,fredric.griffith@gmail.com,21,RsBvCAj
Roberto,Clarke,roberto.clarke@gmail.com,48,uDNEprO
Meta,Asencio,meta.asencio@gmail.com,51,ORgrYaS
Valerie,Piper,valerie.piper@gmail.com,50,HzJLpmW
Jamie,Thomas,jamie.thomas@gmail.com,45,IhdlRyZ
Rachel,Williams,rachel.williams@gmail.com,50,qiGRDMz
Anthony,Berrios,anthony.berrios@gmail.com,48,zJuyhrq
Robert,Weber,robert.weber@gmail.com,31,uzHllhS
Ernest,Thompson,ernest.thompson@gmail.com,38,TzhnJSC
Jeffrey,David,jeffrey.david@gmail.com,47,XmwFOPf
Sandra,Molina,sandra.molina@gmail.com,29,hTqrmRR
William,Horne,william.horne@gmail.com,34,pSMRzfk
Ronald,Hosey,ronald.hosey@gmail.com,26,NdCeRgN
Jesse,Talbert,jesse.talbert@gmail.com,33,JwFeTtt
James,Gomez,james.gomez@gmail.com,54,LasAVXb
Erica,Morales,erica.morales@gmail.com,48,QTJJWHg
Carol,Eccles,carol.eccles@gmail.com,41,ALfYxOz
Paula,Fowler,paula.fowler@gmail.com,18,mtZMnjo
Donald,Costello,donald.costello@gmail.com,59,RFKsVJW
Justin,Bellinghausen,justin.bellinghausen@gmail.com,57,ZzCjVrJ
Donald,Zahler,donald.zahler@gmail.com,52,MVWAWSc
Nicole,Means,nicole.means@gmail.com,52,UetqgIR
Robert,Camacho,robert.camacho@gmail.com,42,ZZWvJzQ
Jackie,Boyce,jackie.boyce@gmail.com,40,RSjVQhh
Timothy,Evans,timothy.evans@gmail.com,59,kQxpXoQ
Carol,Fisher,carol.fisher@gmail.com,40,XhOiMIO
Jennifer,Balser,jennifer.balser@gmail.com,43,hMQkEBO
Robert,Carraway,robert.carraway@gmail.com,21,YVfIlLm
Otto,Chester,otto.chester@gmail.com,38,bGJeXDC
Ruby,Escobedo,ruby.escobedo@gmail.com,39,kNEHtLX
Robert,Moor,robert.moor@gmail.com,47,iiOcnrb
Karen,Adcock,karen.adcock@gmail.com,43,oypRviV
Joseph,Perkins,joseph.perkins@gmail.com,48,awrwBbg
Christopher,Macdonald,christopher.macdonald@gmail.com,56,fpngoft
Patricia,Mashaw,patricia.mashaw@gmail.com,56,eOQzhvO
Rita,Owens,rita.owens@gmail.com,52,IJYERIJ
Jackie,Desilva,jackie.desilva@gmail.com,31,qMqYxHF
Clinton,Baker,clinton.baker@gmail.com,30,feJBMeK
Margarita,Evans,margarita.evans@gmail.com,35,HWwzCcv
Harold,Anaya,harold.anaya@gmail.com,24,RuwsUwN
David,Mcghee,david.mcghee@gmail.com,38,nbKkRJy
Kenneth,Spahr,kenneth.spahr@gmail.com,29,BEBNuge
Luz,Riley,luz.riley@gmail.com,23,IQyrHRJ
Louise,Murray,louise.murray@gmail.com,18,VXPtkbR
Jean,Lewis,jean.lewis@gmail.com,27,lhBFedO
Amalia,Salinas,amalia.salinas@gmail.com,57,dfklzso
Chad,Knickrehm,chad.knickrehm@gmail.com,23,TTbItnw
John,Miller,john.miller@gmail.com,49,yiytbkN
Teresa,Turner,teresa.turner@gmail.com,28,OtWlCra
John,Wilcox,john.wilcox@gmail.com,42,WPrqYBs
Pauline,Tullar,pauline.tullar@gmail.com,20,KLCtZGl
Angeline,Wampler,angeline.wampler@gmail.com,37,zsvvrGi
Georgina,Williams,georgina.williams@gmail.com,51,GkPqCZI
Michael,Wheeler,michael.wheeler@gmail.com,56,TbHRudp
Ora,Ross,ora.ross@gmail.com,46,GrBkNsp
Ofelia,Scrivener,ofelia.scrivener@gmail.com,57,eNCRPBr
Eileen,Bond,eileen.bond@gmail.com,35,QKyiZCH
Gonzalo,Salazar,gonzalo.salazar@gmail.com,43,ysaYGyQ
Eric,Liszewski,eric.liszewski@gmail.com,57,rrnLwvH
Kelli,Santucci,kelli.santucci@gmail.com,18,CWeKRYs
Cynthia,Meyer,cynthia.meyer@gmail.com,22,dvqlksg
Colin,Booth,colin.booth@gmail.com,59,feiarKz
Ashlee,Edney,ashlee.edney@gmail.com,44,EjDxGbN
Joellen,Poirrier,joellen.poirrier@gmail.com,26,JgbSVVT
Dannie,Burrell,dannie.burrell@gmail.com,20,QxgBoTs
Danielle,Tirk,danielle.tirk@gmail.com,31,pzWtDYV
Helena,Wallace,helena.wallace@gmail.com,29,srLzCkH
Wayne,Draper,wayne.draper@gmail.com,22,yrsLXLn
Ramona,Leonard,ramona.leonard@gmail.com,21,cHwyWFI
Evelyn,Coleman,evelyn.coleman@gmail.com,19,XgOfxyI
Summer,Frazer,summer.frazer@gmail.com,21,rfizboP
Holly,Martinez,holly.martinez@gmail.com,56,nBeMQUl
Maria,Mcpherson,maria.mcpherson@gmail.com,59,pLuzXgQ
Selena,Jones,selena.jones@gmail.com,34,jUomSfi
Dustin,Fine,dustin.fine@gmail.com,21,meOfbNr
Bryan,Jones,bryan.jones@gmail.com,34,rcTDWLZ
Darrin,Hodson,darrin.hodson@gmail.com,48,VnSqXvD
Irene,Obrien,irene.obrien@gmail.com,54,hexIJAO
James,Mays,james.mays@gmail.com,59,EqtCeZw
James,Morris,james.morris@gmail.com,43,zWjAinP
Kenneth,Shelley,kenneth.shelley@gmail.com,19,xqhDibL
Amber,Burrell,amber.burrell@gmail.com,53,svUixVy
Kelly,Martin,kelly.martin@gmail.com,60,EkxuCzl
George,Bourne,george.bourne@gmail.com,32,SgZpKOG
Barbara,Billings,barbara.billings@gmail.com,59,wdADEqG
Arthur,Habib,arthur.habib@gmail.com,47,JdUDLPT
Karma,Clemmons,karma.clemmons@gmail.com,42,VUVzLaI
Dianna,Powell,dianna.powell@gmail.com,33,zCjobXI
Martha,Daily,martha.daily@gmail.com,39,mTxktCr
Ronald,Rutledge,ronald.rutledge@gmail.com,32,AwRfVDq
Harry,Evans,harry.evans@gmail.com,29,tVwJWjL
Meredith,Poirier,meredith.poirier@gmail.com,26,IOTQOof
Sara,Holbrook,sara.holbrook@gmail.com,49,JGmbpQj
Holly,Dickens,holly.dickens@gmail.com,53,RAHEBPF
Ivan,Holcombe,ivan.holcombe@gmail.com,38,mYyAhDY
Robert,Buckwalter,robert.buckwalter@gmail.com,47,DTYCDmo
Harry,Reif,harry.reif@gmail.com,60,bvtQuKJ
Mary,Kissinger,mary.kissinger@gmail.com,24,oWzfjTE
Landon,Michalski,landon.michalski@gmail.com,45,ObjLfDO
Sheri,Fritz,sheri.fritz@gmail.com,43,jrjdBNx
William,Silva,william.silva@gmail.com,32,UUMmuPm
Carolyn,Chaligoj,carolyn.chaligoj@gmail.com,51,iYqELDo
Paul,Lemus,paul.lemus@gmail.com,21,CXhESOG
Anne,Desimone,anne.desimone@gmail.com,27,NqJykKj
Ashley,Diaz,ashley.diaz@gmail.com,39,fnVJfCC
Rochelle,Morgan,rochelle.morgan@gmail.com,27,KqLhPDN
Geraldine,Gagnon,geraldine.gagnon@gmail.com,54,wYPZSSs
Nathan,Devito,nathan.devito@gmail.com,39,SycFVrP
Demetria,Jacobs,demetria.jacobs@gmail.com,44,AkcusHP
Betty,Dockery,betty.dockery@gmail.com,37,geIHTrJ
Doris,Whistler,doris.whistler@gmail.com,39,iMtIrtO
Felicia,Quintero,felicia.quintero@gmail.com,56,BiOajzi
Kenneth,Fernandez,kenneth.fernandez@gmail.com,47,NEULPGP
Juana,Hendrickson,juana.hendrickson@gmail.com,25,gvYaGKF
Terry,Sciancalepore,terry.sciancalepore@gmail.com,48,JvCKLlt
Dennis,Hewlett,dennis.hewlett@gmail.com,27,GCloDFc
Jeff,Sandoval,jeff.sandoval@gmail.com,18,dVFdpCl
Donald,Carter,donald.carter@gmail.com,27,vwjgJmq
Shanna,Carroll,shanna.carroll@gmail.com,20,cvAeZsK
Alice,Browder,alice.browder@gmail.com,36,BHSNdcv
Valarie,Simmons,valarie.simmons@gmail.com,24,VQeqBii
Steven,Clark,steven.clark@gmail.com,43,jtabfZB
Christopher,Williams,christopher.williams@gmail.com,47,ysZfFFj
Melissa,Gerhardt,melissa.gerhardt@gmail.com,36,PUJwvli
Evelyn,Tinkle,evelyn.tinkle@gmail.com,19,GNdWhSL
Jean,Pao,jean.pao@gmail.com,46,fncTsoT
Akiko,Faines,akiko.faines@gmail.com,20,hygnBnF
Michele,Thompson,michele.thompson@gmail.com,47,CyLxNRL
Tony,Demark,tony.demark@gmail.com,37,GFrlocw
Donald,Mcgrath,donald.mcgrath@gmail.com,20,xtlVyKi
Steven,Dess,steven.dess@gmail.com,40,AljxNDl
Charles,Hendrix,charles.hendrix@gmail.com,32,WgyOrSa
Wendy,Harris,wendy.harris@gmail.com,58,eHlBoWk
Rhonda,Smith,rhonda.smith@gmail.com,55,MyQzXZc
Carlos,Kearby,carlos.kearby@gmail.com,35,dFWLCqs
Anthony,West,anthony.west@gmail.com,30,FUbvRts
Judith,Devins,judith.devins@gmail.com,34,goqCFDL
Terry,Mazzella,terry.mazzella@gmail.com,18,UJhyFLw
Ron,Gibson,ron.gibson@gmail.com,38,zSNUnsC
David,Wirt,david.wirt@gmail.com,26,uvUIHnl
William,Rhodes,william.rhodes@gmail.com,48,arzaNGw
Brian,Sherry,brian.sherry@gmail.com,34,uxJGGya
Ernesto,Wells,ernesto.wells@gmail.com,36,BFQvlbx
John,Haley,john.haley@gmail.com,27,ogVHYiL
Michael,Gilliam,michael.gilliam@gmail.com,52,ixCRvqQ
Louise,Faulkner,louise.faulkner@gmail.com,36,GZSXsPT
Jacquelin,Barker,jacquelin.barker@gmail.com,50,eFNDWlX
Carolyn,Tate,carolyn.tate@gmail.com,50,ztXIEUv
Elliott,Cole,elliott.cole@gmail.com,23,XzqSdOk
John,Hernandez,john.hernandez@gmail.com,31,KJdCePY
Thomas,Griffith,thomas.griffith@gmail.com,59,EMkeVJc
John,Sears,john.sears@gmail.com,20,COtgNgn
Juan,Hearne,juan.hearne@gmail.com,57,BjfuktX
Vivian,Arrington,vivian.arrington@gmail.com,35,ePunqrl
Nola,Walker,nola.walker@gmail.com,30,PmOwKqa
Debra,Jensen,debra.jensen@gmail.com,54,gxkccfw
Margaret,Silvas,margaret.silvas@gmail.com,28,lEPzWuY
John,Smith,john.smith@gmail.com,50,DbUxDlv
Cameron,Darden,cameron.darden@gmail.com,48,TdOeZEF
Carol,Skipper,carol.skipper@gmail.com,28,ONPJFbu
Alexis,Swartz,alexis.swartz@gmail.com,39,MApaQAd
Kevin,Newsome,kevin.newsome@gmail.com,56,PuQNuUB
Henry,Shankle,henry.shankle@gmail.com,58,zFOgkVZ
Marie,Robinson,marie.robinson@gmail.com,36,RXcxZvi
Paulette,Dresser,paulette.dresser@gmail.com,53,tvojSBq
Joshua,Stephenson,joshua.stephenson@gmail.com,50,rsGuEqD
Charlotte,Galvan,charlotte.galvan@gmail.com,51,qPgFIWT
Wendy,Linkovich,wendy.linkovich@gmail.com,43,UScMIMT
Donald,Moore,donald.moore@gmail.com,37,WbbeIie
Ashley,Muldowney,ashley.muldowney@gmail.com,60,wFJEmGr
James,Pacheco,james.pacheco@gmail.com,28,CHvgrfY
Judy,Coleman,judy.coleman@gmail.com,35,FkfrsRV
Christine,Knapp,christine.knapp@gmail.com,59,rlPmWyr
Erma,Ambrose,erma.ambrose@gmail.com,53,udIfbGU
Christine,Burns,christine.burns@gmail.com,20,lRFCAPN
Laura,Bahlmann,laura.bahlmann@gmail.com,26,BbpCDhf
Fabian,Romero,fabian.romero@gmail.com,45,ogireui
Jose,Robbins,jose.robbins@gmail.com,43,ihlCovc
Craig,Arnold,craig.arnold@gmail.com,28,rKeNZrc
Phillip,Wobbleton,phillip.wobbleton@gmail.com,60,ShInWAo
Davis,Helwig,davis.helwig@gmail.com,37,MxcAvis
Lewis,Clemons,lewis.clemons@gmail.com,45,YdQFpMW
Leigh,Gibb,leigh.gibb@gmail.com,32,IFpWHYo
Lyle,Martinez,lyle.martinez@gmail.com,55,VVBCIzp
Willie,Vong,willie.vong@gmail.com,37,zXmGeTE
Margo,Hayden,margo.hayden@gmail.com,43,GiKauNV
Dion,Velez,dion.velez@gmail.com,57,aMCYRGH
Antoinette,Henry,antoinette.henry@gmail.com,35,jqybWnS
Linda,Blechinger,linda.blechinger@gmail.com,35,xqRkskM
Jeremy,Stowe,jeremy.stowe@gmail.com,44,eDUBxus
Rosa,Hunter,rosa.hunter@gmail.com,45,BpPMblq
Dale,Holstein,dale.holstein@gmail.com,25,MEAKiAF
Amanda,Shelton,amanda.shelton@gmail.com,33,xupBwyV
James,Swift,james.swift@gmail.com,59,GyyJXtC
Donna,Benoit,donna.benoit@gmail.com,30,gpzdRjy
Alta,Ellis,alta.ellis@gmail.com,46,ERoZZXT
Edna,Washington,edna.washington@gmail.com,39,TwyyOEf
Doris,Battiste,doris.battiste@gmail.com,53,qPpSAfi
Roberta,Rader,roberta.rader@gmail.com,46,iBwEYWx
Lola,Cornish,lola.cornish@gmail.com,45,pTsgdYy
Carol,Johnson,carol.johnson@gmail.com,48,pbWZGXC
Paula,Garcia,paula.garcia@gmail.com,31,zxeYTCK
Cindy,Frank,cindy.frank@gmail.com,39,ynMEksP
Jennifer,Hadfield,jennifer.hadfield@gmail.com,40,OUKhgPr
Robin,Dawson,robin.dawson@gmail.com,43,tEeLHsK
Donald,Myers,donald.myers@gmail.com,43,zKniUPD
Shirley,Davis,shirley.davis@gmail.com,58,vyjAdRi
Julia,Helwig,julia.helwig@gmail.com,40,HAHRfei
Michael,Gonzalez,michael.gonzalez@gmail.com,28,AsWmSOz
Will,Herron,will.herron@gmail.com,48,zcVPHVd
Mary,Frost,mary.frost@gmail.com,18,NUqZGmw
Rosa,Paz,rosa.paz@gmail.com,27,MBSqbCg
Philip,Doherty,philip.doherty@gmail.com,54,cWIGdcW
Flora,Morriss,flora.morriss@gmail.com,47,TZgiaaR
Jason,Anderson,jason.anderson@gmail.com,53,uHYfpCM
Pamela,Parrish,pamela.parrish@gmail.com,22,onhbvxZ
James,Grisson,james.grisson@gmail.com,18,DxPWoLO
Natalie,Crim,natalie.crim@gmail.com,25,SlwRdTT
Brooke,Smith,brooke.smith@gmail.com,25,WvyVTST
Gary,Cotter,gary.cotter@gmail.com,48,PIDKfnj
William,Stephenson,william.stephenson@gmail.com,52,ZwIOsqD
Harold,Tanner,harold.tanner@gmail.com,27,CvDFDaJ
Laura,Leasure,laura.leasure@gmail.com,43,JJphxib
Timothy,Lyman,timothy.lyman@gmail.com,49,nkJqVuN
Irene,Vera,irene.vera@gmail.com,35,TbbGMrm
Vincent,Sanders,vincent.sanders@gmail.com,20,hYMUCvv
Emma,Reyes,emma.reyes@gmail.com,57,cFycuAA
Thomas,Mealy,thomas.mealy@gmail.com,50,LvteadX
Jose,Pollman,jose.pollman@gmail.com,57,ISWlaio
Sarah,Lombardo,sarah.lombardo@gmail.com,53,LQCqEtt
Jackie,Tigner,jackie.tigner@gmail.com,42,wzPPEhh
Gail,Gagnon,gail.gagnon@gmail.com,51,HXdxIKM
Jose,Isaacs,jose.isaacs@gmail.com,19,DGIMgsn
Tyler,King,tyler.king@gmail.com,60,NlEAePX
Dale,Brown,dale.brown@gmail.com,51,cxUXWCc
Ricky,Sabol,ricky.sabol@gmail.com,20,KtsCgWc
Jennifer,Holman,jennifer.holman@gmail.com,35,ocUPPSS
Deanna,Murphy,deanna.murphy@gmail.com,22,VpFDiiN
Anne,Alvarez,anne.alvarez@gmail.com,21,jzBfXlL
John,Tovar,john.tovar@gmail.com,44,AITEddR
Antonia,Johnson,antonia.johnson@gmail.com,44,sNSnxNh
Alice,Tuten,alice.tuten@gmail.com,36,uHTQGdn
John,Soares,john.soares@gmail.com,59,vQkTYvL
Shawn,Jefferies,shawn.jefferies@gmail.com,55,WsIiUZG
Charles,Reid,charles.reid@gmail.com,55,AiAhkFT
Gregorio,Casper,gregorio.casper@gmail.com,43,gsldGUx
Meredith,Poor,meredith.poor@gmail.com,48,mlyPOpW
Verna,Smith,verna.smith@gmail.com,60,owsADMl
Brian,Doiron,brian.doiron@gmail.com,58,CQYbkMU
Carlos,Stam,carlos.stam@gmail.com,48,CIWrXnf
Agnes,Griffies,agnes.griffies@gmail.com,27,qyNdBTP
Gayle,Alcantara,gayle.alcantara@gmail.com,42,QUFiklr
Victoria,Barr,victoria.barr@gmail.com,48,RSnTwKJ
Daniel,Adams,daniel.adams@gmail.com,40,bJrsAJo
Oscar,Stephens,oscar.stephens@gmail.com,57,wfZAqGh
Lisabeth,Mcdonald,lisabeth.mcdonald@gmail.com,21,zGgYMdi
Gloria,Thielen,gloria.thielen@gmail.com,54,yiPrtvR
Richard,Geyer,richard.geyer@gmail.com,56,SaVbSnm
Ryan,Brake,ryan.brake@gmail.com,33,IcBRMmL
Naomi,King,naomi.king@gmail.com,34,EMtAUrG
Kenneth,Ray,kenneth.ray@gmail.com,18,mfrSGuJ
Jesse,Marx,jesse.marx@gmail.com,46,QKKUuyr
Mary,Hand,mary.hand@gmail.com,43,bNuOcbI
John,Valentine,john.valentine@gmail.com,43,ZlsWZMP
Jenine,Mock,jenine.mock@gmail.com,58,Rdgbyax
Harry,Parker,harry.parker@gmail.com,48,KvdALTQ
Concepcion,Bonnet,concepcion.bonnet@gmail.com,18,VKgSWFm
Christopher,Disher,christopher.disher@gmail.com,18,okmvMhp
Dirk,Marler,dirk.marler@gmail.com,23,hAHRLxv
Casey,Evans,casey.evans@gmail.com,22,ZgHVEiU
Reuben,Fisher,reuben.fisher@gmail.com,54,BjNQgNO
Melvin,Quigley,melvin.quigley@gmail.com,53,nsKqMGW
Dolores,Lawson,dolores.lawson@gmail.com,23,hoRkBtL
Stephanie,Pettrey,stephanie.pettrey@gmail.com,33,vYAXxEc
Karen,Mickelson,karen.mickelson@gmail.com,32,tIeYmto
Ruth,Vaneck,ruth.vaneck@gmail.com,42,tqrrFVH
Robert,Ramos,robert.ramos@gmail.com,59,gOToiDK
Haley,Smith,haley.smith@gmail.com,38,EiPgopo
Dulcie,Guyton,dulcie.guyton@gmail.com,26,jGdygnx
Karen,Smith,karen.smith@gmail.com,37,FcEIKfQ
Anna,Wallace,anna.wallace@gmail.com,57,GsUZLib
Andrew,Needleman,andrew.needleman@gmail.com,58,YIAEIRv
Aline,Scott,aline.scott@gmail.com,34,EZvpGpm
David,Ames,david.ames@gmail.com,37,kBboeVH
Santos,Clay,santos.clay@gmail.com,40,lhUUplI
Steve,Porterfield,steve.porterfield@gmail.com,45,rFrzAEa
Linda,Mariska,linda.mariska@gmail.com,36,CGtbMIJ
Willie,Price,willie.price@gmail.com,28,CGyFLOb
Esther,Ackley,esther.ackley@gmail.com,31,uDfEziH
Jeff,Alonso,jeff.alonso@gmail.com,41,QVUCnKj
Mark,Deibert,mark.deibert@gmail.com,34,MYkkvGd
Larry,Prasad,larry.prasad@gmail.com,39,CgOmByD
Theo,Hughes,theo.hughes@gmail.com,38,HFOlQKr
Eric,Harris,eric.harris@gmail.com,32,DSgCuvm
Cindy,Cate,cindy.cate@gmail.com,29,IVnBGRE
Raymond,Swoager,raymond.swoager@gmail.com,23,ZXBDIwK
Ann,Hensley,ann.hensley@gmail.com,25,bBhadTi
Juan,Mikell,juan.mikell@gmail.com,26,yqpxsIF
Ricky,Halvorsen,ricky.halvorsen@gmail.com,55,rRtdMGF
David,Armor,david.armor@gmail.com,43,gndXtJj
David,Madrigal,david.madrigal@gmail.com,46,MZcKMMD
Monica,Gunnels,monica.gunnels@gmail.com,42,RTZewoC
Mark,Gresham,mark.gresham@gmail.com,49,pSxtowJ
Melanie,Hoff,melanie.hoff@gmail.com,31,qBjxHuC
Ashley,Churchwell,ashley.churchwell@gmail.com,32,sEYmFMH
Carrie,Lindsey,carrie.lindsey@gmail.com,58,otFxVIs
Don,Bergman,don.bergman@gmail.com,55,HPMVTbY
Rita,Jenkins,rita.jenkins@gmail.com,60,ZCoqfUm
Mary,Anderson,mary.anderson@gmail.com,26,CWIDWtS
Mark,Getter,mark.getter@gmail.com,25,hGFXWgc
Stacey,Case,stacey.case@gmail.com,22,SRYWfFc
Cynthia,Honeycutt,cynthia.honeycutt@gmail.com,30,vqjDlbn
Mary,Marsh,mary.marsh@gmail.com,49,syziGWg
Miguel,Morton,miguel.morton@gmail.com,52,BHfKNpp
David,Wood,david.wood@gmail.com,28,iWrxQxW
Annie,Anthony,annie.anthony@gmail.com,33,AhQNlHr
Renee,Morris,renee.morris@gmail.com,50,BMezIpw
Billy,Payne,billy.payne@gmail.com,45,jUwdtpd
Luna,Smith,luna.smith@gmail.com,52,koGXkhx
Larry,Craft,larry.craft@gmail.com,40,eePIFmT
Marissa,Yee,marissa.yee@gmail.com,47,XufJQRl
Ryan,Crim,ryan.crim@gmail.com,43,GpyDvDc
Jeffrey,Depauw,jeffrey.depauw@gmail.com,27,nHeoaLK
Adrian,Honeycutt,adrian.honeycutt@gmail.com,57,UIUdwYq
Alexandria,Brodes,alexandria.brodes@gmail.com,50,isPGSbT
Scotty,Jennings,scotty.jennings@gmail.com,44,coxbmBa
Dong,Newsome,dong.newsome@gmail.com,41,gYgyKnY
Chester,Fisher,chester.fisher@gmail.com,21,PVtjVcZ
Joyce,Ogara,joyce.ogara@gmail.com,48,SYWzQGZ
Vincent,Jeansonne,vincent.jeansonne@gmail.com,21,ronmXvR
Clyde,Harris,clyde.harris@gmail.com,37,GnndHDc
Matt,Montelongo,matt.montelongo@gmail.com,27,CHZShCM
Paul,Henderson,paul.henderson@gmail.com,47,MPwUeZg
Paul,Foster,paul.foster@gmail.com,43,vDZgHJr
Bonnie,Anderson,bonnie.anderson@gmail.com,51,UowNiJE
Laura,Cote,laura.cote@gmail.com,29,tbGIxPP
Twila,Muzzy,twila.muzzy@gmail.com,27,clpVJdq
Lorraine,Eagle,lorraine.eagle@gmail.com,40,ZzrzQvZ
Joye,Barker,joye.barker@gmail.com,23,fCdhsGV
Melanie,Case,melanie.case@gmail.com,22,PxhifJJ
Kevin,Shea,kevin.shea@gmail.com,42,uXFQVlp
William,Allen,william.allen@gmail.com,56,lvkZoAr
Donald,Martinez,donald.martinez@gmail.com,54,BSuzcFf
Paula,Stahl,paula.stahl@gmail.com,18,aODFfRh
James,Buckhalter,james.buckhalter@gmail.com,58,msFfBht
Gloria,Campbell,gloria.campbell@gmail.com,40,mJMTwBM
Florence,Wun,florence.wun@gmail.com,49,QSWHAvd
Crystal,Musgrove,crystal.musgrove@gmail.com,48,NkheSIL
Terry,Neave,terry.neave@gmail.com,23,FDzARGx
Timothy,Riley,timothy.riley@gmail.com,39,iyxPwZP
Dale,Meador,dale.meador@gmail.com,45,MWMvFwY
George,Bennett,george.bennett@gmail.com,26,SZzkYoJ
Laura,Wilkins,laura.wilkins@gmail.com,24,oBJPvvx
Clifford,Zocklein,clifford.zocklein@gmail.com,43,kiqJcQj
Carolyn,Mclaughlin,carolyn.mclaughlin@gmail.com,60,UHIeXbx
Margaret,Smith,margaret.smith@gmail.com,20,KPGIZfx
Ethel,White,ethel.white@gmail.com,19,UOBMeTi
June,Hatton,june.hatton@gmail.com,56,uqORtCB
Ana,Masella,ana.masella@gmail.com,40,fPUCsvN
Claudia,Abel,claudia.abel@gmail.com,18,KjkLUvE
Aaron,Giannavola,aaron.giannavola@gmail.com,37,raCimse
Nancy,Dumais,nancy.dumais@gmail.com,60,vnvxbpj
Michael,Finley,michael.finley@gmail.com,45,BrUZOcF
Kathy,Henriquez,kathy.henriquez@gmail.com,37,BYfYDhc
Charles,Ruiz,charles.ruiz@gmail.com,51,CXZqwdU
Rosalina,Fowler,rosalina.fowler@gmail.com,42,eWJCBZU
Gary,Peters,gary.peters@gmail.com,41,YTeMJdZ
Lance,Hancock,lance.hancock@gmail.com,40,Obpwqhr
Lorena,Cunningham,lorena.cunningham@gmail.com,54,uOAoapl
Kelly,Harper,kelly.harper@gmail.com,20,MAFKwtx
Erika,Miller,erika.miller@gmail.com,54,HrVUYVE
Rodney,Wilt,rodney.wilt@gmail.com,55,FkSDGIy
Walter,Miller,walter.miller@gmail.com,58,iFOUvBK
Aaron,Anderson,aaron.anderson@gmail.com,23,SsrPzuY
Robert,Martin,robert.martin@gmail.com,20,xhsCXHx
Roger,Leclair,roger.leclair@gmail.com,59,gGamLXN
Beverly,Chapman,beverly.chapman@gmail.com,23,GePNQsa
Joy,Howe,joy.howe@gmail.com,50,HgabnRU
Susannah,Tiller,susannah.tiller@gmail.com,50,aIkEcNm
Darryl,Singelton,darryl.singelton@gmail.com,38,cwqNUnO
Ryan,Henrick,ryan.henrick@gmail.com,43,GOLHSXf
Richard,Christian,richard.christian@gmail.com,33,xocOXQr
Elena,Street,elena.street@gmail.com,43,IsvAcoH
William,Kittell,william.kittell@gmail.com,25,AtFOcLH
Shawn,Jenkins,shawn.jenkins@gmail.com,56,oWSzrKL
William,Nelms,william.nelms@gmail.com,30,mEbpkfK
Justin,Scott,justin.scott@gmail.com,53,wpyzeWf
Michael,Seegmiller,michael.seegmiller@gmail.com,28,uaoTLPm
Jessica,Runk,jessica.runk@gmail.com,54,RIZoIgH
Thomas,Cole,thomas.cole@gmail.com,37,qlBMciu
Dusty,Elliott,dusty.elliott@gmail.com,51,hpZZnFO
Carol,Johnston,carol.johnston@gmail.com,58,IzQFQBM
Michael,Lundgren,michael.lundgren@gmail.com,28,CsKHvfU
Rita,Weaver,rita.weaver@gmail.com,48,WLFCrQI
Jackie,Brouillard,jackie.brouillard@gmail.com,34,dgJyDsO
Ramona,Robinson,ramona.robinson@gmail.com,33,bXxoikw
David,Bailly,david.bailly@gmail.com,59,AXBOMJy
Ann,Kimes,ann.kimes@gmail.com,52,UMBxEFy
Irma,Mcglaughlin,irma.mcglaughlin@gmail.com,32,zjHtvNM
Francis,Tharpe,francis.tharpe@gmail.com,33,WQeuySC
Rachel,Swonger,rachel.swonger@gmail.com,51,rGnavDt
Sandra,Mangram,sandra.mangram@gmail.com,45,FYmyfnJ
William,Schachter,william.schachter@gmail.com,36,IMFoQTi
Helen,Trowbridge,helen.trowbridge@gmail.com,32,SYFHKBw
Beth,Vance,beth.vance@gmail.com,60,hZNXxCq
Albert,Rodriguez,albert.rodriguez@gmail.com,48,GzcPOFN
Robin,Crouse,robin.crouse@gmail.com,23,uWjriJr
Margaret,Scarlato,margaret.scarlato@gmail.com,29,cOJpLRY
Keith,Wilson,keith.wilson@gmail.com,28,qUjYgjm
Judith,Scherer,judith.scherer@gmail.com,29,RgsXoJG
Larry,Kendig,larry.kendig@gmail.com,58,amjxZSS
Robert,Neller,robert.neller@gmail.com,54,TocLciD
George,Singleton,george.singleton@gmail.com,32,raPyacR
Pete,Cantu,pete.cantu@gmail.com,31,SSgFIla
Ivan,Hunt,ivan.hunt@gmail.com,60,SPZsWfU
Salvador,Silkwood,salvador.silkwood@gmail.com,32,kwbjFCH
Barbara,Morningstar,barbara.morningstar@gmail.com,28,UIDaHmh
Lisa,Harlow,lisa.harlow@gmail.com,29,JXyAskg
Joanne,Hughes,joanne.hughes@gmail.com,44,PTtQxyN
Brian,Clinton,brian.clinton@gmail.com,28,USwxsPm
Kelli,Miller,kelli.miller@gmail.com,35,MPcKYIf
Robert,Davis,robert.davis@gmail.com,34,EEbmLoT
Penni,Adams,penni.adams@gmail.com,40,ahyKeSS
Sally,Lujan,sally.lujan@gmail.com,37,TVuWXKz
Willie,Polk,willie.polk@gmail.com,50,GCiaeVj
